Experiment,Classifier,AUC (Train),AUC (Test),Time taken,Hyperparameters,used_columns,preprocessing
1,DecisionTree,0.9977434622,0.7438117419,2.576408184992033,min_samples_leaf=20,"ip, app, device, os, channel","min_frequency=0.000008, unknown_value=-1, handle_unknown='use_encoded_value', dtype=np.int16"
1,RandomForest,0.9969574104,0.9303809075,27.319263122000848,"min_samples_leaf=20, n_estimators=100","ip, app, device, os, channel","min_frequency=0.000008, unknown_value=-1, handle_unknown='use_encoded_value', dtype=np.int16"
1,AdaBoost,0.9510164594,0.8966585512,11.845052796998061,n_estimators=50,"ip, app, device, os, channel","min_frequency=0.000008, unknown_value=-1, handle_unknown='use_encoded_value', dtype=np.int16"
2,RandomForest,0.9969860331,0.9320856112,54.03001326700905,"min_samples_leaf=20, n_estimators=200","ip, app, device, os, channel","min_frequency=0.000008, unknown_value=-1, handle_unknown='use_encoded_value', dtype=np.int16"
2,AdaBoost,0.9555398926,0.905133744,22.715131599994493,n_estimators=100,"ip, app, device, os, channel","min_frequency=0.000008, unknown_value=-1, handle_unknown='use_encoded_value', dtype=np.int16"
3,RandomForest,0.9969956923,0.9315297243,79.88714770399383,"min_samples_leaf=20, n_estimators=300","ip, app, device, os, channel","min_frequency=0.000008, unknown_value=-1, handle_unknown='use_encoded_value', dtype=np.int16"
3,AdaBoost,0.9583901239,0.9144478418,33.860214196000015,n_estimators=150,"ip, app, device, os, channel","min_frequency=0.000008, unknown_value=-1, handle_unknown='use_encoded_value', dtype=np.int16"
4,RandomForest,0.9970059084,0.9311914935,105.96395960700465,"min_samples_leaf=20, n_estimators=400","ip, app, device, os, channel","min_frequency=0.000008, unknown_value=-1, handle_unknown='use_encoded_value', dtype=np.int16"
4,AdaBoost,0.9605401465,0.9198220276,45.555823610004154,n_estimators=200,"ip, app, device, os, channel","min_frequency=0.000008, unknown_value=-1, handle_unknown='use_encoded_value', dtype=np.int16"
